Predictor,Estimate,SE,z,p
(Intercept),1.33933451891515,0.5267248073257291,2.5427595212672394,0.010998089342724022
complexity_scaled,0.22854886895781962,0.08154351543400003,2.802784105411831,0.005066357161596867
age_scaled,3.0541691931004253,0.2909198498008632,10.498318334726994,8.793264210038003e-26
complexity_scaled:age_scaled,-0.1772549191422617,0.21142761959401574,-0.8383716350901902,0.4018220148658817
