effect,group,term,estimate,std.error,statistic,p.value
fixed,NA,(Intercept),1.175225086903859,0.5328877165380727,2.205389710498035,0.027426759458465417
fixed,NA,complexity_scaled,0.3272163743547123,0.0823640287273346,3.972806811550698,7.103065648095382e-5
fixed,NA,age_scaled,2.655616475986332,0.295708801541392,8.980512119165349,2.695093634918683e-19
fixed,NA,rarity_scaled,-0.08104198302513207,0.08838377299522855,-0.9169328291688472,0.3591778396981375
fixed,NA,length_scaled,0.24507222551260707,0.052430641442136876,4.67421757147625,2.950763889041337e-6
fixed,NA,complexity_scaled:age_scaled,0.29843457365954634,0.21987030653295736,1.357320951452863,0.17467925299691106
fixed,NA,age_scaled:rarity_scaled,-0.6735309793209551,0.2674706144723606,-2.518149444751641,0.011797325365340665
fixed,NA,age_scaled:length_scaled,0.025295206995023974,0.17117938339846447,0.14777017239361595,0.8825241498489498
