pair,term,estimate,std.error,statistic,p.value,p.adjusted
doggy_dog,(age),0.9062942520124198,0.03067881066600822,29.541375051301568,8.475605551465359e-192,8.475605551465359e-192
