effect,group,term,estimate,std.error,statistic,p.value
fixed,NA,(age),0.6666538764157961,0.07547972624561379,8.832224354477386,1.0261436229944968e-18
