effect,group,term,estimate,std.error,statistic,p.value
fixed,NA,(age),0.4539608884318342,0.1404253314341883,3.2327563965521944,0.001226020608934702
