effect,group,term,estimate,std.error,statistic,p.value
fixed,NA,(age),0.37612740584346904,0.04369907713515817,8.607216227476233,7.485616656696381e-18
