effect,group,term,estimate,std.error,statistic,p.value
fixed,NA,age,0.03796993005314765,0.006971768946992623,5.446240450858107,5.1445580920110425e-8
