effect,group,term,estimate,std.error,statistic,p.value
fixed,NA,(age),0.5528483306469744,0.11178673293778033,4.94556300303262,7.592410910351333e-7
