effect,group,term,estimate,std.error,statistic,p.value
fixed,NA,(age),0.5429277620949876,0.11038262277473211,4.918598131184017,8.716621595813316e-7
