effect,group,term,estimate,std.error,statistic,p.value
fixed,NA,(Intercept),0.5519913757142,0.39675705437489317,1.3912578733701024,0.16414724334483977
fixed,NA,scale(pitch_range),-0.27015326410738744,0.08737895563153117,-3.0917428819657484,0.001989851220138399
fixed,NA,scale(age),0.4918501847657878,0.1320620857712404,3.7243860105146065,1.9579115300970192e-4
fixed,NA,isolatednot_isolated,0.5427577373032717,0.10824465862500558,5.014175703427174,5.326130024396867e-7
fixed,NA,scale(pitch_range):scale(age),-0.10914805319813012,0.10434556658136844,-1.0460248266802663,0.2955495701684601
fixed,NA,scale(pitch_range):isolatednot_isolated,0.2923945369288135,0.0898338169086509,3.2548381777670654,0.0011345699258122335
fixed,NA,scale(age):isolatednot_isolated,0.04443244806630619,0.13059681225855674,0.34022613031578774,0.7336862415410322
fixed,NA,scale(pitch_range):scale(age):isolatednot_isolated,0.14166052200559498,0.10657088375605088,1.329261023394223,0.18376186855862217
