effect,group,term,estimate,std.error,statistic,p.value
fixed,NA,(Intercept),0.6924779067533797,0.39672160498217496,1.7455008702752484,0.08089772109936408
fixed,NA,scale(pitch_mean),-0.11376703575917649,0.08430591184569305,-1.3494550176671687,0.17719085934862225
fixed,NA,scale(age),0.5460891239525401,0.12757335385429927,4.280589225366176,1.8639913478936796e-5
fixed,NA,isolatednot_isolated,0.422420504336149,0.10152785395236245,4.160636592735936,3.1736173764989027e-05
fixed,NA,scale(pitch_mean):scale(age),0.017151148871081986,0.09408511421567572,0.18229396875435153,0.8553520316220656
fixed,NA,scale(pitch_mean):isolatednot_isolated,-0.04154657667641553,0.08676058661631278,-0.47886463539198704,0.6320349309827173
fixed,NA,scale(age):isolatednot_isolated,-0.029637224863189055,0.12591754533493954,-0.23537009702940367,0.8139214932930927
fixed,NA,scale(pitch_mean):scale(age):isolatednot_isolated,-0.05758804495273685,0.09660302422520418,-0.5961308707943314,0.5510878025145034
