effect,group,term,estimate,std.error,statistic,p.value
fixed,NA,(Intercept),0.08299961708416968,0.41366704542612837,0.20064353204319135,0.8409773165362568
fixed,NA,scale(pitch_mean),-0.05074477253079967,0.06823490442533416,-0.7436776376865448,0.4570715213454831
fixed,NA,scale(age),0.4544688220766856,0.11322002739189278,4.014032080239792,5.969022851655492e-5
fixed,NA,isolatednot_isolated,0.14401443354357948,0.10046790866459918,1.4334371587683337,0.1517329455743418
fixed,NA,scale(pitch_mean):scale(age),-0.012869646692590836,0.07482099690542113,-0.17200581688130875,0.8634329559482119
fixed,NA,scale(pitch_mean):isolatednot_isolated,-0.07392826604426965,0.07624831040804164,-0.9695725144418766,0.332259618749406
fixed,NA,scale(age):isolatednot_isolated,0.2827560196733206,0.115872458574306,2.440234919948613,0.014677713575050462
fixed,NA,scale(pitch_mean):scale(age):isolatednot_isolated,-0.018477480130074525,0.08670665118515389,-0.2131033764712883,0.8312463310914
