effect,group,term,estimate,std.error,statistic,p.value
fixed,NA,(Intercept),0.8139813636751633,0.6152540121982848,1.3230004966027469,0.1858352126845663
fixed,NA,scale(eval(as.symbol(j))),0.07533982922828865,0.04028168814675327,1.8703245244790239,0.06143876591272376
fixed,NA,scale(age),0.13468424974575385,0.048022148338466256,2.804627747940013,0.005037472096411045
fixed,NA,scale(eval(as.symbol(j))):scale(age),-0.05874533667320904,0.03420916941193545,-1.7172394911380986,0.08593542271780294
