effect,group,term,estimate,std.error,statistic,p.value
fixed,NA,(Intercept),0.12195531625692972,0.486773512179736,0.2505381110628283,0.8021712358616342
fixed,NA,scale(eval(as.symbol(j))),0.15581043172893314,0.05068654829149266,3.0739996504177953,0.002112096800502957
fixed,NA,scale(age),0.43132748516803643,0.0600948053258165,7.177450410721936,7.102340602322961e-13
fixed,NA,scale(eval(as.symbol(j))):scale(age),-0.16624509837129894,0.051205737177311875,-3.2466107810465905,0.00116787986204742
