effect,group,term,estimate,std.error,statistic,p.value
fixed,NA,Intercept,1.0724357285184112,0.3817220813066466,2.809467361299693,0.004962355052216815
fixed,NA,pitch_range,0.015728042563963526,0.02167684750942785,0.7255687229023027,0.46810320092568086
fixed,NA,age,0.5490503899581344,0.03603416420921464,15.23693977666149,2.0106981658805912e-52
fixed,NA,pitch_range:age,0.029398566937247333,0.022061318188831124,1.3325843308914695,0.18266825004299544
