effect,group,term,estimate,std.error,statistic,p.value
fixed,NA,Intercept,0.1404790129737581,0.3757533639202496,0.3738596283161248,0.7085087538774051
fixed,NA,pitch_mean,-0.024963948250154452,0.020401183450271174,-1.2236519666128796,0.22108354686837048
fixed,NA,age,0.7620027565679053,0.02816046105272271,27.059313948776087,2.9676801629775165e-161
fixed,NA,pitch_mean:age,0.041057762206272906,0.020899780168086392,1.964506893185767,0.04947133767742445
