effect,group,term,estimate,std.error,statistic,p.value
fixed,NA,(Intercept),0.24402094154700427,0.402245887512864,0.6066462060204416,0.5440857290893886
fixed,NA,scale(eval(as.symbol(j))),-0.10325361069518867,0.031276159845684756,-3.3013519308200747,9.622010722871912e-4
fixed,NA,scale(age),0.7111702814778759,0.055776664463073174,12.750319301519092,3.104709951233653e-37
fixed,NA,scale(eval(as.symbol(j))):scale(age),-0.0927550743917845,0.036533037975769324,-2.538936796148863,0.011118990836813258
