effect,group,term,estimate,std.error,statistic,p.value
fixed,NA,(Intercept),-0.01689336368148058,0.4146427149915437,-0.040741976334553724,0.9675015970846262
fixed,NA,scale(pitch_range),-0.18598670471154582,0.0794090836518938,-2.3421338738381263,0.019173835962306974
fixed,NA,scale(age),0.4293174353666223,0.12113110733834065,3.5442376842759526,3.937501033632368e-4
fixed,NA,isolatednot_isolated,0.23219940507813558,0.10636868022727279,2.182967811408456,0.029038180538887102
fixed,NA,scale(pitch_range):scale(age),-0.037470304031264695,0.0888027715371983,-0.421949713760554,0.6730617222926398
fixed,NA,scale(pitch_range):isolatednot_isolated,0.11464455513925122,0.0865770040649106,1.3241917571240642,0.1854393677222129
fixed,NA,scale(age):isolatednot_isolated,0.33706888560550025,0.12380617541734124,2.7225530913079785,0.006477962380612743
fixed,NA,scale(pitch_range):scale(age):isolatednot_isolated,-0.12878578906934382,0.09847934669385464,-1.307744145274477,0.19096010469877217
