effect,group,term,estimate,std.error,statistic,p.value
fixed,NA,(Intercept),1.3301165774805868,0.5227489569254343,2.544465292295775,0.0109445187766844
fixed,NA,complexity_scaled,0.26791736047379766,0.08160009071142528,3.28329733628942,0.0010260038680454055
fixed,NA,age_scaled,3.097758965303207,0.2897866587269346,10.689791513908924,1.1362610912035931e-26
fixed,NA,complexity_scaled:age_scaled,-0.09957785204586957,0.2109613410103118,-0.4720194305221173,0.6369129195746293
