effect,group,term,estimate,std.error,statistic,p.value
fixed,NA,(Intercept),1.2002842244661966,0.5845027255076096,2.0535134775014323,0.04002280397903731
fixed,NA,complexity_scaled,0.4413723533919647,0.3011027022715806,1.4658531792048395,0.1426882897219954
fixed,NA,age_scaled,1.7899757966075522,1.1992071147503989,1.4926327359057698,0.13553334940343575
fixed,NA,complexity_scaled:age_scaled,0.5310524950518704,0.6668991828865726,0.7963010132255519,0.4258570968079923
