effect,group,term,estimate,std.error,statistic,p.value
fixed,NA,(Intercept),0.7855866203572739,0.4165918625665054,1.8857464366142331,0.059329132023833046
fixed,NA,length_scaled,0.39533679998550747,0.07808512852753206,5.062894912776067,4.129374992784452e-7
fixed,NA,age_scaled,0.41855435852622747,0.09313225984663073,4.494193088576381,6.9834241766771854e-6
fixed,NA,length_scaled:age_scaled,-0.19694639482314,0.0433616879185654,-4.541944842945493,5.5737625925512445e-6
