effect,group,term,estimate,std.error,statistic,p.value
fixed,NA,(Intercept),0.8293611013793146,0.4415766856293369,1.8781813632151023,0.06035635877645467
fixed,NA,length_scaled,0.438741635075587,0.0809781654877137,5.418023888700646,6.0261366000816e-8
fixed,NA,age_scaled,0.5138186520041987,0.0873290091525457,5.883711002682555,4.0116808096320035e-9
fixed,NA,length_scaled:age_scaled,-0.11059498947446714,0.01942880157427315,-5.692321734394192,1.2532341677383443e-8
