effect,group,term,estimate,std.error,statistic,p.value
fixed,NA,(Intercept),0.957364924285195,0.5628397557585288,1.700954693569881,0.08895149509080288
fixed,NA,pitch_mean_scaled,-0.059391422857915745,0.07185266912704534,-0.8265722565281964,0.40847954764309513
fixed,NA,age_scaled,-3.2591062893753686,0.21232668540943572,-15.349489787827372,3.5698291226194923e-53
fixed,NA,pitch_mean_scaled:age_scaled,-0.11059761211736356,0.0741161216811181,-1.492220715395845,0.13564129345154324
