effect,group,term,estimate,std.error,statistic,p.value
fixed,NA,(Intercept),0.5583966253909626,0.43494991446841386,1.283818220940272,0.19920556660663827
fixed,NA,pitch_mean_scaled,-0.05849698533466497,0.019382803682985533,-3.017983687572214,0.0025446260155446974
fixed,NA,age_scaled,0.5280724612092197,0.02772772529790923,19.044925450449348,7.238901783874969e-81
fixed,NA,pitch_mean_scaled:age_scaled,-0.016998511806189068,0.01769122500026321,-0.9608442493912187,0.3366304859608836
