effect,group,term,estimate,std.error,statistic,p.value
fixed,NA,(Intercept),0.9379291514759668,0.5794413841487067,1.618678225501509,0.1055165142544332
fixed,NA,pitch_mean_scaled,0.01602943326316123,0.056825878179392164,0.2820798160401204,0.7778823095244762
fixed,NA,age_scaled,-3.2520653924244067,0.21211370377337657,-15.331708110188538,4.694768448546462e-53
fixed,NA,pitch_mean_scaled:age_scaled,-0.02089340121898854,0.03161111474598952,-0.6609511049160097,0.5086436706796598
