effect,group,term,estimate,std.error,statistic,p.value
fixed,NA,(Intercept),0.77892506657557,0.4632197231568115,1.6815455552437355,0.09265699566827951
fixed,NA,pitch_range_scaled,-0.03959958137943287,0.018283466502766712,-2.16586834741872,0.0303212486746951
fixed,NA,age_scaled,-0.9062312807230062,0.029996702656732065,-30.21102989530163,1.6968334455864472e-200
fixed,NA,pitch_range_scaled:age_scaled,0.0759441210974997,0.018159167004633704,4.182136828089137,2.8878207935234468e-5
