effect,group,term,estimate,std.error,statistic,p.value
fixed,NA,(Intercept),0.924788961397808,0.5535000107315575,1.6708020658852747,0.09476078036325299
fixed,NA,pitch_range_scaled,-0.06322377773138525,0.04514676636292745,-1.4004054514810578,0.16139193847832073
fixed,NA,age_scaled,-3.267875249302049,0.21241301756754585,-15.384533804586093,2.0786826610140712e-53
fixed,NA,pitch_range_scaled:age_scaled,0.0650301077462182,0.02869160091968445,2.2665207120458373,0.023419520488234587
