effect,group,term,estimate,std.error,statistic,p.value
fixed,NA,(Intercept),0.5518101211973946,0.4342976178722695,1.2705805845789522,0.20387789770208642
fixed,NA,pitch_range_scaled,0.001831043171645894,0.017939551585602582,0.1020673879672333,0.9187031864240315
fixed,NA,age_scaled,0.5342783893409653,0.02762335871110507,19.341543326741657,2.4017832113896747e-83
fixed,NA,pitch_range_scaled:age_scaled,0.019288149364872616,0.017425686668150916,1.1068803044717739,0.2683456823265888
